projectRcn;projectID;projectAcronym;role;id;name;shortName;activityType;endOfParticipation;ecContribution;country;street;city;postCode;organizationUrl;vatNumber;contactForm;contactType;contactTitle;contactFirstNames;contactLastNames;contactFunction;contactTelephoneNumber;contactFaxNumber
228025;891217;CellMechSensE;coordinator;999978433;LUDWIG-MAXIMILIANS-UNIVERSITAET MUENCHEN;LMU MUENCHEN;HES;false;174806,4;DE;GESCHWISTER SCHOLL PLATZ  1;MUENCHEN;80539;www.uni-muenchen.de;DE811205325;https://ec.europa.eu/research/participants/api/contact/indexcontactproject.html?pic=999978433&projectId=891217&programId=31045243;;;;;;;
228033;892667;TweeTERS;coordinator;996586343;FUNDACION IMDEA NANOCIENCIA;IMDEA NANO;REC;false;160932,48;ES;CIUDAD UNIVERSITARIA DE CANTOBLANCO - CALLE FARADAY 9;MADRID;28049;http://www.nanociencia.imdea.org/;ESG84909068;https://ec.europa.eu/research/participants/api/contact/indexcontactproject.html?pic=996586343&projectId=892667&programId=31045243;;;;;;;
228028;892451;EcoScan;coordinator;999993274;INSTITUT NATIONAL DE RECHERCHE POUR L'AGRICULTURE, L'ALIMENTATION ET L'ENVIRONNEMENT;INRAE;REC;false;184707,84;FR;Rue De L'Universite  147;PARIS CEDEX 07;75338;www.inra.fr;FR57180070039;https://ec.europa.eu/research/participants/api/contact/indexcontactproject.html?pic=999993274&projectId=892451&programId=31045243;;;;;;;
228027;891826;SEAFLOWER;partner;999538247;THE UNIVERSITY OF WESTERN AUSTRALIA;IGRG, UWA;HES;false;;AU;Stirling Higway 35;CRAWLEY;6009;;;https://ec.europa.eu/research/participants/api/contact/indexcontactproject.html?pic=999538247&projectId=891826&programId=31045243;;;;;;;
228027;891826;SEAFLOWER;coordinator;999993953;ALMA MATER STUDIORUM - UNIVERSITA DI BOLOGNA;UNIBO;HES;false;257209,92;IT;VIA ZAMBONI 33;BOLOGNA;40126;www.unibo.it;IT01131710376;https://ec.europa.eu/research/participants/api/contact/indexcontactproject.html?pic=999993953&projectId=891826&programId=31045243;;;;;;;
228030;892010;YouthInMuseums;coordinator;999885701;INSTITUTO DE CIENCIAS SOCIAIS;ICS-ULisboa;HES;false;239722,56;PT;AV PROF ANIBAL DE BETTENCOURT 9;LISBOA;1600 189;www.ics.ulisboa.pt;PT506101347;https://ec.europa.eu/research/participants/api/contact/indexcontactproject.html?pic=999885701&projectId=892010&programId=31045243;;;;;;;
228029;892403;LivingTogether;coordinator;999852721;THE UNIVERSITY OF SUSSEX;UOS;HES;false;287976;UK;SUSSEX HOUSE FALMER;BRIGHTON;BN1 9RH;http://www.sussex.ac.uk;GB692712320;https://ec.europa.eu/research/participants/api/contact/indexcontactproject.html?pic=999852721&projectId=892403&programId=31045243;;;;;;;
228029;892403;LivingTogether;partner;898371806;MOSIM AND SALIM RESEARCH INSTITUTE;Mosim and Salim Research Institute(Center for the Web of Life);REC;false;;KR;19 SEOUN RO SEOCHO GU;SEOUL;6732;;KR2018208260;https://ec.europa.eu/research/participants/api/contact/indexcontactproject.html?pic=898371806&projectId=892403&programId=31045243;;;;;;;
228053;899155;RASATaC;coordinator;999903064;TURUN YLIOPISTO;UTU;HES;false;150000;FI;YLIOPISTONMAKI;Turku;20014;www.utu.fi;FI02458963;https://ec.europa.eu/research/participants/api/contact/indexcontactproject.html?pic=999903064&projectId=899155&programId=31045243;;;;;;;
228026;891493;GeMeTIC;coordinator;999975814;UNIVERSITETET I OSLO;UiO;HES;false;202158,72;NO;PROBLEMVEIEN 5-7;OSLO;313;www.uio.no;NO971035854MVA;https://ec.europa.eu/research/participants/api/contact/indexcontactproject.html?pic=999975814&projectId=891493&programId=31045243;;;;;;;
228035;893435;MITO;coordinator;998331858;LUXEMBOURG INSTITUTE OF HEALTH;LIH;REC;false;178320;LU;VAL FLEURI 84;LUXEMBOURG;1526;https://www.lih.lu/;LU14472612;https://ec.europa.eu/research/participants/api/contact/indexcontactproject.html?pic=998331858&projectId=893435&programId=31045243;;;;;;;
227025;871029;EVA-GLOBAL;participant;998189947;ISTITUTO ZOOPROFILATTICO SPERIMENTALE DELLA LOMBARDIA E DELL'EMILIA ROMAGNA BRUNO UBERTINI;IZSLER;REC;false;207525;IT;VIA ANTONIO BIANCHI 9;BRESCIA;25124;http://www.izsler.it/;;https://ec.europa.eu/research/participants/api/contact/indexcontactproject.html?pic=998189947&projectId=871029&programId=31045243;;;;;;;
227025;871029;EVA-GLOBAL;participant;999848938;PHILIPPS UNIVERSITAET MARBURG;UMR;HES;false;74562,5;DE;BIEGENSTRASSE 10;MARBURG;35037;www.uni-marburg.de;DE112590692;https://ec.europa.eu/research/participants/api/contact/indexcontactproject.html?pic=999848938&projectId=871029&programId=31045243;;;;;;;
227025;871029;EVA-GLOBAL;participant;999904713;THE SECRETARY OF STATE FOR ENVIRONMENT, FOOD AND RURAL AFFAIRS;DEFRA;PUB;false;626696,25;UK;Area 1A, Nobel House, Smith Square 17;LONDON;SW1P 3JR;;GB888800181;https://ec.europa.eu/research/participants/api/contact/indexcontactproject.html?pic=999904713&projectId=871029&programId=31045243;;;;;;;
227025;871029;EVA-GLOBAL;participant;998049976;SMORODINTSEV RESEARCH INSTITUTE OF INFLUENZA OF THE MINISTRY OF HEALTH OF THE RUSSIAN FEDERATION;SRII;REC;false;92062,5;RU;PROFESSORA POPOVA STREET 15/17;ST PETERSBURG;197376;;;https://ec.europa.eu/research/participants/api/contact/indexcontactproject.html?pic=998049976&projectId=871029&programId=31045243;;;;;;;
227025;871029;EVA-GLOBAL;participant;999997833;INSTITUT NATIONAL DE LA SANTE ET DE LA RECHERCHE MEDICALE;INSERM;REC;false;116142,5;FR;RUE DE TOLBIAC 101;PARIS;75654;www.inserm.fr;FR31180036048;https://ec.europa.eu/research/participants/api/contact/indexcontactproject.html?pic=999997833&projectId=871029&programId=31045243;;;;;;;
227025;871029;EVA-GLOBAL;participant;999494015;JULIUS KUHN-INSTITUT BUNDESFORSCHUNGSINSTITUT FUR KULTURPFLANZEN;JKI;REC;false;244008,75;DE;ERWIN-BAUR-STRASSE  27;QUEDLINBURG;6484;www.jki.bund.de;;https://ec.europa.eu/research/participants/api/contact/indexcontactproject.html?pic=999494015&projectId=871029&programId=31045243;;;;;;;
227025;871029;EVA-GLOBAL;participant;999515549;ROBERT KOCH-INSTITUT;RKI;REC;false;165337,5;DE;Nordufer 20;Berlin;13353;www.rki.de;DE165893430;https://ec.europa.eu/research/participants/api/contact/indexcontactproject.html?pic=999515549&projectId=871029&programId=31045243;;;;;;;
227025;871029;EVA-GLOBAL;participant;999483151;FRIEDRICH LOEFFLER INSTITUT - BUNDESFORSCHUNGSINSTITUT FUER TIERGESUNDHEIT;FLI;REC;false;423531,25;DE;SUDUFER 10;GREIFSWALD-INSEL RIEMS;17493;www.fli.bund.de;DE811354798;https://ec.europa.eu/research/participants/api/contact/indexcontactproject.html?pic=999483151&projectId=871029&programId=31045243;;;;;;;
227025;871029;EVA-GLOBAL;participant;999907914;UNIVERSITAT BASEL;UNIBAS;HES;false;296862,5;CH;PETERSPLATZ 1;BASEL;4051;www.unibas.ch;CHE115244907MWST;https://ec.europa.eu/research/participants/api/contact/indexcontactproject.html?pic=999907914&projectId=871029&programId=31045243;;;;;;;
227025;871029;EVA-GLOBAL;participant;997383489;ISTITUTO ZOOPROFILATTICO SPERIMENTALE DELLE VENEZIE;IZSVE;OTH;false;239937,5;IT;VIALE DELL UNIVERSITA 10;LEGNARO;35020;www.izsvenezie.it;IT00206200289;https://ec.europa.eu/research/participants/api/contact/indexcontactproject.html?pic=997383489&projectId=871029&programId=31045243;;;;;;;
227025;871029;EVA-GLOBAL;participant;998706957;NEMZETI NEPEGESZSEGUGYI KOZPONT;NNK;REC;false;131246,25;HU;ALBERT FLORIAN UT 2-6;BUDAPEST;1097;;HU15598787;https://ec.europa.eu/research/participants/api/contact/indexcontactproject.html?pic=998706957&projectId=871029&programId=31045243;;;;;;;
227025;871029;EVA-GLOBAL;participant;999461714;HELLENIC PASTEUR INSTITUTE;HPI;REC;false;35343,75;EL;Vassilissis Sofias Avenue 127;ATHENS;11521;www.pasteur.gr;EL090030420;https://ec.europa.eu/research/participants/api/contact/indexcontactproject.html?pic=999461714&projectId=871029&programId=31045243;;;;;;;
227025;871029;EVA-GLOBAL;participant;999542806;INSTITUT PASTEUR DE DAKAR;IPD;REC;false;52062,5;SN;AVENUE PASTEUR 36;DAKAR;DAKAR;;;https://ec.europa.eu/research/participants/api/contact/indexcontactproject.html?pic=999542806&projectId=871029&programId=31045243;;;;;;;
227025;871029;EVA-GLOBAL;participant;910590314;EUROPEAN RESEARCH INFRASTRUCTURE ON HIGHLY PATHOGENIC AGENTS;ERINHA;REC;false;92062,5;BE;MONTOYERSTRAAT 10;BRUSSEL;1000;;BE0679481238;https://ec.europa.eu/research/participants/api/contact/indexcontactproject.html?pic=910590314&projectId=871029&programId=31045243;;;;;;;
227025;871029;EVA-GLOBAL;participant;986454887;Department of Health;DH;REC;false;253971,25;UK;Quarry House, Quarry Hill;Leeds;LS2 7UE;www.dh.gov.uk;GB888815064;https://ec.europa.eu/research/participants/api/contact/indexcontactproject.html?pic=986454887&projectId=871029&programId=31045243;;;;;;;
227025;871029;EVA-GLOBAL;participant;997513081;FONDATION MERIEUX;FMER;REC;false;92456,25;FR;RUE BOURGELAT  17;LYON;69227;http://www.fondation-merieux.org;FR72308718816;https://ec.europa.eu/research/participants/api/contact/indexcontactproject.html?pic=997513081&projectId=871029&programId=31045243;;;;;;;
227025;871029;EVA-GLOBAL;participant;993392036;UNIVERSITY OF FLORIDA;UF;HES;false;207062,5;US;GRINTER HALL 223;GAINESVILLE;32611 5500;http://www.ufl.edu;;https://ec.europa.eu/research/participants/api/contact/indexcontactproject.html?pic=993392036&projectId=871029&programId=31045243;;;;;;;
227025;871029;EVA-GLOBAL;participant;999991431;RIJKSINSTITUUT VOOR VOLKSGEZONDHEID EN MILIEU;RIVM;REC;false;495918,75;NL;Antonie Van Leeuwenhoeklaan  9;BILTHOVEN;3721 MA;www.rivm.nl;NL821772302B01;https://ec.europa.eu/research/participants/api/contact/indexcontactproject.html?pic=999991431&projectId=871029&programId=31045243;;;;;;;
227025;871029;EVA-GLOBAL;participant;999979500;CONSIGLIO NAZIONALE DELLE RICERCHE;CNR;REC;false;214666,25;IT;PIAZZALE ALDO MORO 7;ROMA;185;www.cnr.it;IT02118311006;https://ec.europa.eu/research/participants/api/contact/indexcontactproject.html?pic=999979500&projectId=871029&programId=31045243;;;;;;;
227025;871029;EVA-GLOBAL;participant;999993080;INSTITUT PASTEUR;IP;REC;false;593437,5;FR;RUE DU DOCTEUR ROUX 25-28;PARIS CEDEX 15;75724;http://www.pasteur.fr;FR65775684897;https://ec.europa.eu/research/participants/api/contact/indexcontactproject.html?pic=999993080&projectId=871029&programId=31045243;;;;;;;
227025;871029;EVA-GLOBAL;participant;999992692;CHARITE - UNIVERSITAETSMEDIZIN BERLIN;CUB;HES;false;508300;DE;Chariteplatz 1;BERLIN;10117;www.charite.de;DE228847810;https://ec.europa.eu/research/participants/api/contact/indexcontactproject.html?pic=999992692&projectId=871029&programId=31045243;;;;;;;
227025;871029;EVA-GLOBAL;participant;999993565;CENTRE DE COOPERATION INTERNATIONALE EN RECHERCHE AGRONOMIQUE POUR LEDEVELOPPEMENT - C.I.R.A.D. EPIC;CIRAD;REC;false;109800;FR;RUE SCHEFFER 42;PARIS;75016;www.cirad.fr;FR84331596270;https://ec.europa.eu/research/participants/api/contact/indexcontactproject.html?pic=999993565&projectId=871029&programId=31045243;;;;;;;
227025;871029;EVA-GLOBAL;participant;998595989;LEIBNIZ-INSTITUT DSMZ-DEUTSCHE SAMMLUNG VON MIKROORGANISMEN UND ZELLKULTUREN GMBH;DSMZ;REC;false;637328,75;DE;INHOFFENSTRASSE 7B;BRAUNSCHWEIG;38124;www.dsmz.de;DE114815269;https://ec.europa.eu/research/participants/api/contact/indexcontactproject.html?pic=998595989&projectId=871029&programId=31045243;;;;;;;
227025;871029;EVA-GLOBAL;participant;999511572;COMMONWEALTH SCIENTIFIC AND INDUSTRIAL RESEARCH ORGANISATION;CSIRO;REC;false;347250;AU;CLUNIES ROSS STREET CSIRO BLACK MOUNTAIN SCIENCE AND INNOVATION PARK;ACTON ACT;2601;www.csiro.au;AU41687119230;https://ec.europa.eu/research/participants/api/contact/indexcontactproject.html?pic=999511572&projectId=871029&programId=31045243;;;;;;;
227025;871029;EVA-GLOBAL;participant;999471317;ISTITUTO NAZIONALE PER LE MALATTIE INFETTIVE LAZZARO SPALLANZANI-ISTITUTO DI RICOVERO E CURA A CARATTERE SCIENTIFICO;INMI;REC;false;187893,75;IT;Via  Portuense, 292;ROMA;149;www.inmi.it;IT05080991002;https://ec.europa.eu/research/participants/api/contact/indexcontactproject.html?pic=999471317&projectId=871029&programId=31045243;;;;;;;
227025;871029;EVA-GLOBAL;participant;998377157;THE PIRBRIGHT INSTITUTE LBG;TPI;REC;false;250558,75;UK;ASH ROAD PIRBRIGHT;WOKING;GU24 0NF;www.pirbright.ac.uk;GB491452831;https://ec.europa.eu/research/participants/api/contact/indexcontactproject.html?pic=998377157&projectId=871029&programId=31045243;;;;;;;
227025;871029;EVA-GLOBAL;participant;937903768;WUHAN INSTITUTE OF VIROLOGY, CHINESE ACADEMY OF SCIENCES;WIV;REC;false;88433,75;CN;XIAOHONGSHAN MIDDLE DISTRICT 44 SHUIGUOHU STREET WUCHANG DISTRICT HUBEI;WUHAN;430071;;;https://ec.europa.eu/research/participants/api/contact/indexcontactproject.html?pic=937903768&projectId=871029&programId=31045243;;;;;;;
227025;871029;EVA-GLOBAL;participant;999988424;ERASMUS UNIVERSITAIR MEDISCH CENTRUM ROTTERDAM;ERASMUS MC;HES;false;236681,25;NL;DR MOLEWATERPLEIN 40;ROTTERDAM;3015  GD;www.erasmusmc.nl;NL801427228B01;https://ec.europa.eu/research/participants/api/contact/indexcontactproject.html?pic=999988424&projectId=871029&programId=31045243;;;;;;;
227025;871029;EVA-GLOBAL;coordinator;955518483;UNIVERSITE D'AIX MARSEILLE;AMU;HES;false;3012556,25;FR;Boulevard Charles Livon   58;Marseille;13284;;FR84130015332;https://ec.europa.eu/research/participants/api/contact/indexcontactproject.html?pic=955518483&projectId=871029&programId=31045243;;;;;;;
227025;871029;EVA-GLOBAL;participant;999993274;INSTITUT NATIONAL DE RECHERCHE POUR L'AGRICULTURE, L'ALIMENTATION ET L'ENVIRONNEMENT;INRA;REC;false;308172,5;FR;Rue De L'Universite  147;PARIS CEDEX 07;75338;www.inra.fr;FR57180070039;https://ec.europa.eu/research/participants/api/contact/indexcontactproject.html?pic=999993274&projectId=871029&programId=31045243;;;;;;;
227025;871029;EVA-GLOBAL;participant;999468795;BERNHARD-NOCHT-INSTITUT FUER TROPENMEDIZIN;BNI;REC;false;304775;DE;BERNHARD NOCHT STRASSE 74;HAMBURG;20359;www.bni.uni-hamburg.de;DE258000180;https://ec.europa.eu/research/participants/api/contact/indexcontactproject.html?pic=999468795&projectId=871029&programId=31045243;;;;;;;
227025;871029;EVA-GLOBAL;participant;918583890;BIOMEDICINSKE CENTRUM SLOVENSKEJ AKADEMIE VIED;BMC SAS;REC;false;304517,5;SK;DUBRAVSKA CESTA 9;BRATISLAVA;845 05;;SK2120169865;https://ec.europa.eu/research/participants/api/contact/indexcontactproject.html?pic=918583890&projectId=871029&programId=31045243;;;;;;;
227025;871029;EVA-GLOBAL;participant;983552356;AGENCE NATIONALE DE LA SECURITE SANITAIRE DE L ALIMENTATION DE L ENVIRONNEMENT ET DU TRAVAIL;ANSES;REC;false;67462,5;FR;14 RUE PIERRE ET MARIE CURIE;MAISONS ALFORT;94700;www.anses.fr;FR54130012024;https://ec.europa.eu/research/participants/api/contact/indexcontactproject.html?pic=983552356&projectId=871029&programId=31045243;;;;;;;
227025;871029;EVA-GLOBAL;participant;949789954;FOLKHALSOMYNDIGHETEN;FOHM;OTH;false;178937,5;SE;NOBELS VAG 18;SOLNA;171 82;http://folkhalsomyndigheten.se;SE202100654501;https://ec.europa.eu/research/participants/api/contact/indexcontactproject.html?pic=949789954&projectId=871029&programId=31045243;;;;;;;
227025;871029;EVA-GLOBAL;participant;999923240;UNIVERZA V LJUBLJANI;UL;HES;false;405187,5;SI;KONGRESNI TRG  12;LJUBLJANA;1000;http://www.uni-lj.si;SI54162513;https://ec.europa.eu/research/participants/api/contact/indexcontactproject.html?pic=999923240&projectId=871029&programId=31045243;;;;;;;
228034;892630;THEIA;coordinator;999997930;CENTRE NATIONAL DE LA RECHERCHE SCIENTIFIQUE CNRS;CNRS;REC;false;196707,84;FR;RUE MICHEL ANGE 3;PARIS;75794;www.cnrs.fr;FR40180089013;https://ec.europa.eu/research/participants/api/contact/indexcontactproject.html?pic=999997930&projectId=892630&programId=31045243;;;;;;;
228032;893181;MBL-Fermions;coordinator;999978433;LUDWIG-MAXIMILIANS-UNIVERSITAET MUENCHEN;LMU MUENCHEN;HES;false;162806,4;DE;GESCHWISTER SCHOLL PLATZ  1;MUENCHEN;80539;www.uni-muenchen.de;DE811205325;https://ec.europa.eu/research/participants/api/contact/indexcontactproject.html?pic=999978433&projectId=893181&programId=31045243;;;;;;;
228031;893017;IDENTIS;coordinator;999897341;UNIVERSITA CA' FOSCARI VENEZIA;UNIVE;HES;false;257209,92;IT;DORSODURO  3246;VENEZIA;30123;www.unive.it;;https://ec.europa.eu/research/participants/api/contact/indexcontactproject.html?pic=999897341&projectId=893017&programId=31045243;;;;;;;
226533;874475;PJ20-W2 AMPLE;participant;999963010;AIRBUS;A-SAS;PRC;false;226129,67;FR;2 ROND POINT EMILE DEWOITINE;BLAGNAC;31700;www.airbus.com;FR89383474814;https://ec.europa.eu/research/participants/api/contact/indexcontactproject.html?pic=999963010&projectId=874475&programId=31045243;;;;;;;
226533;874475;PJ20-W2 AMPLE;participant;998956635;AUSTRO CONTROL OSTERREICHISCHE GESELLSCHAFT FUR ZIVILLUFTFAHRT MBH;ACG/COOPANS;PRC;false;40576,94;AT;WAGRAMER STRASSE 19;WIEN;1220;;ATU37259408;https://ec.europa.eu/research/participants/api/contact/indexcontactproject.html?pic=998956635&projectId=874475&programId=31045243;;;;;;;
226533;874475;PJ20-W2 AMPLE;participant;995562023;POLSKA AGENCJA ZEGLUGI POWIETRZNEJ;PANSA (B4);REC;false;36137,65;PL;UL. WIEZOWA 8;WARSZAWA;02 147;;PL5222838321;https://ec.europa.eu/research/participants/api/contact/indexcontactproject.html?pic=995562023&projectId=874475&programId=31045243;;;;;;;
226533;874475;PJ20-W2 AMPLE;participant;999959615;SAAB AKTIEBOLAG;SAB;PRC;false;15619,94;SE;.;LINKOPING;581 88;www.saabgroup.com;SE556036079301;https://ec.europa.eu/research/participants/api/contact/indexcontactproject.html?pic=999959615&projectId=874475&programId=31045243;;;;;;;
226533;874475;PJ20-W2 AMPLE;participant;941767472;HUNGAROCONTROL MAGYAR LEGIFORGALMISZOLGALAT ZARTKORUEN MUKODO RESZVENYTARSASAG;HC (FSP);PRC;false;45172,07;HU;IGLO UTCA 33 35;BUDAPEST;1185;;HU13851325;https://ec.europa.eu/research/participants/api/contact/indexcontactproject.html?pic=941767472&projectId=874475&programId=31045243;;;;;;;
226533;874475;PJ20-W2 AMPLE;participant;954552363;RIZENI LETOVEHO PROVOZU CESKE REPUBLIKY STATNI PODNIK;ANS CR (B4);PRC;false;;CZ;JENEC NAVIGACNI 787;JENEC;252 61;;CZ699004742;https://ec.europa.eu/research/participants/api/contact/indexcontactproject.html?pic=954552363&projectId=874475&programId=31045243;;;;;;;
226533;874475;PJ20-W2 AMPLE;participant;999987066;STICHTING NATIONAAL LUCHT- EN RUIMTEVAARTLABORATORIUM;NLR;REC;false;;NL;Anthony Fokkerweg 2;AMSTERDAM;1059CM;www.nlr.nl;NL002760551B01;https://ec.europa.eu/research/participants/api/contact/indexcontactproject.html?pic=999987066&projectId=874475&programId=31045243;;;;;;;
226533;874475;PJ20-W2 AMPLE;participant;999594992;FLUGHAFEN ZURICH AG;ZRH (SEAC2020);PRC;false;;CH;FLUGHAFEN KLOTEN;ZURICH;8058;;CHE101921104MWST;https://ec.europa.eu/research/participants/api/contact/indexcontactproject.html?pic=999594992&projectId=874475&programId=31045243;;;;;;;
226533;874475;PJ20-W2 AMPLE;participant;984282281;SWEDAVIA AB;Swed (SEAC2020);PRC;false;;SE;SWEDAVIA;STOCKHOLM ARLANDA;190 45;www.swedavia.se;SE556797081801;https://ec.europa.eu/research/participants/api/contact/indexcontactproject.html?pic=984282281&projectId=874475&programId=31045243;;;;;;;
226533;874475;PJ20-W2 AMPLE;participant;958184334;SKYGUIDE, SA SUISSE POUR LES SERVICES DE LA NAVIGATION AERIENNE CIVILS ET MILITAIRES;SKYGUIDE;PRC;false;36137,65;CH;ROUTE DE PRE BOIS 15-17;GENEVA;1215;www.skyguide.ch;CH514204;https://ec.europa.eu/research/participants/api/contact/indexcontactproject.html?pic=958184334&projectId=874475&programId=31045243;;;;;;;
226533;874475;PJ20-W2 AMPLE;participant;928673636;DIRECTION DES SERVICES DE LA NAVIGATION AERIENNE;DSNA;PUB;false;120609,42;FR;50 RUE HENRY FARMAN;PARIS;75720;;FR29120064019;https://ec.europa.eu/research/participants/api/contact/indexcontactproject.html?pic=928673636&projectId=874475&programId=31045243;;;;;;;
226533;874475;PJ20-W2 AMPLE;participant;998197513;ENAV SPA;ENAV;PRC;false;71175,93;IT;VIA SALARIA 716;ROMA;138;;IT02152021008;https://ec.europa.eu/research/participants/api/contact/indexcontactproject.html?pic=998197513&projectId=874475&programId=31045243;;;;;;;
226533;874475;PJ20-W2 AMPLE;participant;997701843;ENAIRE;ENAIRE;PUB;false;139786,77;ES;AVENIDA DE ARAGON S/N BLOQUE 330, PORTAL 2 PARQUE EMPRESARIAL LAS MERCEDES;MADRID;28022;http://www.aena.es;ESQ2822001J;https://ec.europa.eu/research/participants/api/contact/indexcontactproject.html?pic=997701843&projectId=874475&programId=31045243;;;;;;;
226533;874475;PJ20-W2 AMPLE;participant;944977784;FLUGHAFEN MUNCHEN GMBH;MUC (SEAC2020);PRC;false;9034,41;DE;NORDALLEE 25;MUNCHEN;85356;;DE129352365;https://ec.europa.eu/research/participants/api/contact/indexcontactproject.html?pic=944977784&projectId=874475&programId=31045243;;;;;;;
226533;874475;PJ20-W2 AMPLE;participant;919915991;VALSTYBES IMONE ORO NAVIGACIJA;ON (B4);PRC;false;36137,65;LT;RODUNIOS KEL 2;VILNIAUS;2188;;LT100604610;https://ec.europa.eu/research/participants/api/contact/indexcontactproject.html?pic=919915991&projectId=874475&programId=31045243;;;;;;;
226533;874475;PJ20-W2 AMPLE;coordinator;999483733;EUROCONTROL - EUROPEAN ORGANISATION FOR THE SAFETY OF AIR NAVIGATION;EUROCONTROL;REC;false;;BE;Rue de la Fusée 96;BRUXELLES;1130;www.eurocontrol.int;NOTAPPLICABLE;https://ec.europa.eu/research/participants/api/contact/indexcontactproject.html?pic=999483733&projectId=874475&programId=31045243;;;;;;;
226533;874475;PJ20-W2 AMPLE;participant;923069461;ATOS BELGIUM;ATOS (FSP);PRC;false;;BE;DA VINCILAAN 5;ZAVENTEM;1930;;BE0401848135;https://ec.europa.eu/research/participants/api/contact/indexcontactproject.html?pic=923069461&projectId=874475&programId=31045243;;;;;;;
226533;874475;PJ20-W2 AMPLE;participant;924128216;CROATIA CONTROL, CROATIAN AIR NAVIGATION SERVICES LTD;CCL/COOPANS;PRC;false;;HR;RUDOLFA FIZIRA 2;VELIKA GORICA;10410;;HR33052761319;https://ec.europa.eu/research/participants/api/contact/indexcontactproject.html?pic=924128216&projectId=874475&programId=31045243;;;;;;;
226533;874475;PJ20-W2 AMPLE;participant;910945140;SINTEF AS;SINTEF;REC;false;15617,11;NO;STRINDVEGEN 4;TRONDHEIM;7034;;NO919303808MVA;https://ec.europa.eu/research/participants/api/contact/indexcontactproject.html?pic=910945140&projectId=874475&programId=31045243;;;;;;;
226533;874475;PJ20-W2 AMPLE;participant;957080474;AEROPORTS DE PARIS SA;ADP (SEAC2020);PRC;false;;FR;1 RUE DE FRANCE;TREMBLAY-EN-FRANCE;93290;www.aeroportsdeparis.fr;FR33552016628;https://ec.europa.eu/research/participants/api/contact/indexcontactproject.html?pic=957080474&projectId=874475&programId=31045243;;;;;;;
226533;874475;PJ20-W2 AMPLE;participant;999981731;DEUTSCHES ZENTRUM FUER LUFT - UND RAUMFAHRT EV;DLR;REC;false;32265,85;DE;Linder Hoehe;KOELN;51147;www.dlr.de;;https://ec.europa.eu/research/participants/api/contact/indexcontactproject.html?pic=999981731&projectId=874475&programId=31045243;;;;;;;
226533;874475;PJ20-W2 AMPLE;participant;938275375;AVINOR AS;Avinor-SEAC2020;PRC;false;18068,83;NO;DRONNING EUFEMIAS GATE 6;OSLO;2061;;;https://ec.europa.eu/research/participants/api/contact/indexcontactproject.html?pic=938275375&projectId=874475&programId=31045243;;;;;;;
226533;874475;PJ20-W2 AMPLE;participant;998307317;FREQUENTIS AG;FRQ;PRC;false;;AT;Innovationsstrasse  1;WIEN;1100;;ATU14715600;https://ec.europa.eu/research/participants/api/contact/indexcontactproject.html?pic=998307317&projectId=874475&programId=31045243;;;;;;;
226533;874475;PJ20-W2 AMPLE;participant;999959130;INDRA SISTEMAS SA;INDRA;PRC;false;91773,27;ES;AVENIDA DE BRUSELAS 35;ALCOBENDAS MADRID;28108;www.indra.es;ESA28599033;https://ec.europa.eu/research/participants/api/contact/indexcontactproject.html?pic=999959130&projectId=874475&programId=31045243;;;;;;;
226533;874475;PJ20-W2 AMPLE;participant;968723384;HEATHROW AIRPORT LIMITED;HAL (SEAC2020);PRC;false;9034,41;UK;NELSON ROAD THE COMPASS CENTRE HOUNSLOW;LONDON;TW6 2GW;www.heathrowairport.com;GB927365404;https://ec.europa.eu/research/participants/api/contact/indexcontactproject.html?pic=968723384&projectId=874475&programId=31045243;;;;;;;
226533;874475;PJ20-W2 AMPLE;participant;999961555;THALES LAS FRANCE SAS;THALES AIR SYS;PRC;false;51624,9;FR;AVENUE GAY LUSSAC 2;ELANCOURT;78990;www.thalesgroup.com;FR15319159877;https://ec.europa.eu/research/participants/api/contact/indexcontactproject.html?pic=999961555&projectId=874475&programId=31045243;;;;;;;
226533;874475;PJ20-W2 AMPLE;participant;997542763;NATS (EN ROUTE) PUBLIC LIMITED COMPANY;NATS;PRC;false;112930,16;UK;4000 PARKWAY WHITELEY;FAREHAM;PO15 7FL;www.nats.co.uk;GB440379456;https://ec.europa.eu/research/participants/api/contact/indexcontactproject.html?pic=997542763&projectId=874475&programId=31045243;;;;;;;
226533;874475;PJ20-W2 AMPLE;participant;957126452;LETOVE PREVADZKOVE SLUZBY SLOVENSKEJ REPUBLIKY, STATNY PODNIK;LPS SR (B4);PRC;false;;SK;IVANSKA CESTA 93;BRATISLAVA;823 07;;SK2020244699;https://ec.europa.eu/research/participants/api/contact/indexcontactproject.html?pic=957126452&projectId=874475&programId=31045243;;;;;;;
226533;874475;PJ20-W2 AMPLE;participant;927009019;UDARAS EITLIOCHTA NA HEIREANN THE IRISH AVIATION AUTHORITY;IAA/COOPANS;PRC;false;;IE;D'OLIER STREET 11-12 THE TIMES BUILDING;DUBLIN;D02 T449;;IE8211082B;https://ec.europa.eu/research/participants/api/contact/indexcontactproject.html?pic=927009019&projectId=874475&programId=31045243;;;;;;;
226533;874475;PJ20-W2 AMPLE;participant;998627417;LEONARDO - SOCIETA PER  AZIONI;LDO;PRC;false;74211,5;IT;PIAZZA MONTE GRAPPA 4;ROMA;195;www.finmeccanica.com;IT00881841001;https://ec.europa.eu/research/participants/api/contact/indexcontactproject.html?pic=998627417&projectId=874475&programId=31045243;;;;;;;
226533;874475;PJ20-W2 AMPLE;participant;923671249;NAVIAIR;Naviair/COOPANS;PRC;false;29116,78;DK;NAVIAIR ALLE 1;KASTRUP;2770;;DK26059763;https://ec.europa.eu/research/participants/api/contact/indexcontactproject.html?pic=923671249&projectId=874475&programId=31045243;;;;;;;
226533;874475;PJ20-W2 AMPLE;participant;942346077;LUFTFARTSVERKET;LFV/COOPANS;PUB;false;13551,62;SE;HOSPITALSGATAN 30;NORRKOPING;602 27;;SE202100079501;https://ec.europa.eu/research/participants/api/contact/indexcontactproject.html?pic=942346077&projectId=874475&programId=31045243;;;;;;;
226533;874475;PJ20-W2 AMPLE;participant;999936820;DFS DEUTSCHE FLUGSICHERUNG GMBH;DFS;PRC;false;114184,26;DE;AM DFS CAMPUS 10;LANGEN;63225;www.dfs.de;DE114110232;https://ec.europa.eu/research/participants/api/contact/indexcontactproject.html?pic=999936820&projectId=874475&programId=31045243;;;;;;;
226533;874475;PJ20-W2 AMPLE;participant;997604649;AIRTEL ATN LIMITED;AIR;PRC;false;;IE;2 HARBOUR SQUARE CROFTON ROAD;DUN LOAGHAIRE DUBLIN;A96D6R0;www.airtel-atn.com;IE8287698U;https://ec.europa.eu/research/participants/api/contact/indexcontactproject.html?pic=997604649&projectId=874475&programId=31045243;;;;;;;
226533;874475;PJ20-W2 AMPLE;participant;999931388;SCHIPHOL NEDERLAND B.V.;SNBV (SEAC2020);PRC;false;9034,41;NL;EVERT VAN DE BEEKSTRAAT 202;LUCHTHAVEN SCHIPHOL;1118CP;;NL810336406B01;https://ec.europa.eu/research/participants/api/contact/indexcontactproject.html?pic=999931388&projectId=874475&programId=31045243;;;;;;;
224295;848951;EpiShuttle 2.0;coordinator;921019463;EPIGUARD AS;Epiguard AS;PRC;false;2495500;NO;TORSNESVEIEN 210;GAMLE FREDRIKSTAD;1634;;NO915685625MVA;https://ec.europa.eu/research/participants/api/contact/indexcontactproject.html?pic=921019463&projectId=848951&programId=31045243;;;;;;;
223867;851644;ICARUS-SW;participant;998959642;UNIVERSIDAD DE BURGOS;UBU;HES;false;19500;ES;HOSPITAL DEL REY;BURGOS;9001;www.ubu.es;ESQ0968272E;https://ec.europa.eu/research/participants/api/contact/indexcontactproject.html?pic=998959642&projectId=851644&programId=31045243;;;;;;;
223867;851644;ICARUS-SW;coordinator;997751992;BRIMATECH SERVICES GMBH;BRI;PRC;false;55500;AT;LOTHRINGERSTRASSE 14/3;WIEN;1030;www.brimatech.at;ATU64146524;https://ec.europa.eu/research/participants/api/contact/indexcontactproject.html?pic=997751992&projectId=851644&programId=31045243;;;;;;;
223867;851644;ICARUS-SW;participant;984454068;EASN TECHNOLOGY INNOVATION SERVICES BVBA;EASN TIS;PRC;false;25000;BE;TERWEIDENSTRAAT  28;BUDINGEN;3440;;;https://ec.europa.eu/research/participants/api/contact/indexcontactproject.html?pic=984454068&projectId=851644&programId=31045243;;;;;;;
221493;820323;Time Machine;participant;999979888;TECHNISCHE UNIVERSITAET WIEN;TU WIEN;HES;false;9343,75;AT;KARLSPLATZ 13;WIEN;1040;www.tuwien.ac.at;ATU37675002;https://ec.europa.eu/research/participants/api/contact/indexcontactproject.html?pic=999979888&projectId=820323&programId=31045243;;;;;;;
221493;820323;Time Machine;participant;998263958;STICHTING EUROPEANA;EF;OTH;false;80242;NL;PRINS WILLEM ALEXANDERHOF 5;DEN HAAG;2595 BE;www.europeana.eu;;https://ec.europa.eu/research/participants/api/contact/indexcontactproject.html?pic=998263958&projectId=820323&programId=31045243;;;;;;;
221493;820323;Time Machine;participant;999995408;FRIEDRICH-ALEXANDER-UNIVERSITAET ERLANGEN NUERNBERG;FAU;HES;false;38414,25;DE;SCHLOSSPLATZ 4;ERLANGEN;91054;www.uni-erlangen.de;DE132507686;https://ec.europa.eu/research/participants/api/contact/indexcontactproject.html?pic=999995408&projectId=820323&programId=31045243;;;;;;;
221493;820323;Time Machine;participant;999572294;UNIWERSYTET WARSZAWSKI;UNIWARSAW;HES;false;14015;PL;KRAKOWSKIE PRZEDMIESCIE 26/28;WARSZAWA;00 927;www.uw.edu.pl;PL5250011266;https://ec.europa.eu/research/participants/api/contact/indexcontactproject.html?pic=999572294&projectId=820323&programId=31045243;;;;;;;
221493;820323;Time Machine;participant;999902870;UNIVERSITEIT ANTWERPEN;UANTWERP;HES;false;32726,38;BE;PRINSSTRAAT 13;ANTWERPEN;2000;www.ua.ac.be;BE0257216482;https://ec.europa.eu/research/participants/api/contact/indexcontactproject.html?pic=999902870&projectId=820323&programId=31045243;;;;;;;
221493;820323;Time Machine;participant;918984985;ICONEM;ICO;PRC;false;32968,75;FR;6 RUE JULES CHAPLAIN;PARIS;75006;;FR04792857401;https://ec.europa.eu/research/participants/api/contact/indexcontactproject.html?pic=918984985&projectId=820323&programId=31045243;;;;;;;
221493;820323;Time Machine;participant;999518362;KONINKLIJKE NEDERLANDSE AKADEMIE VAN WETENSCHAPPEN - KNAW;KNAW;OTH;false;14015;NL;KLOVENIERSBURGWAL 29 HET TRIPPENHUIS;AMSTERDAM;1011 JV;www.knaw.nl;NL002958697B01;https://ec.europa.eu/research/participants/api/contact/indexcontactproject.html?pic=999518362&projectId=820323&programId=31045243;;;;;;;
221493;820323;Time Machine;participant;999986096;UNIVERSITEIT GENT;UGent;HES;false;9343,75;BE;SINT PIETERSNIEUWSTRAAT 25;GENT;9000;http://www.ugent.be;BE0248015142;https://ec.europa.eu/research/participants/api/contact/indexcontactproject.html?pic=999986096&projectId=820323&programId=31045243;;;;;;;
221493;820323;Time Machine;participant;960114440;International Centre for Archival Research (ICARUS);ICARUS;REC;false;74351,75;AT;Erdberger Lände   6/7;Vienna;1030;;;https://ec.europa.eu/research/participants/api/contact/indexcontactproject.html?pic=960114440&projectId=820323&programId=31045243;;;;;;;
221493;820323;Time Machine;participant;999984059;FRAUNHOFER GESELLSCHAFT ZUR FOERDERUNG DER ANGEWANDTEN FORSCHUNG E.V.;Fraunhofer;REC;false;9343,75;DE;HANSASTRASSE 27C;MUNCHEN;80686;www.fraunhofer.de;DE129515865;https://ec.europa.eu/research/participants/api/contact/indexcontactproject.html?pic=999984059&projectId=820323&programId=31045243;;;;;;;
221493;820323;Time Machine;participant;999586359;INSTYTUT CHEMII BIOORGANICZNEJ POLSKIEJ AKADEMII NAUK;PSNC;REC;false;14016,25;PL;NOSKOWSKIEGO 12-14;POZNAN;61 704;www.man.poznan.pl;PL7770002062;https://ec.europa.eu/research/participants/api/contact/indexcontactproject.html?pic=999586359&projectId=820323&programId=31045243;;;;;;;
221493;820323;Time Machine;coordinator;999973971;ECOLE POLYTECHNIQUE FEDERALE DE LAUSANNE;EPFL;HES;false;137202,98;CH;BATIMENT CE 3316 STATION 1;LAUSANNE;1015;www.epfl.ch;CHE116075613TVA;https://ec.europa.eu/research/participants/api/contact/indexcontactproject.html?pic=999973971&projectId=820323&programId=31045243;;;;;;;
221493;820323;Time Machine;participant;904780887;UBISOFT ENTERTAINMENT;UBI;PRC;false;28906,25;FR;107 AVENUE HENRI FREVILLE;RENNES;35200;;FR34335186094;https://ec.europa.eu/research/participants/api/contact/indexcontactproject.html?pic=904780887&projectId=820323&programId=31045243;;;;;;;
221493;820323;Time Machine;participant;999897341;UNIVERSITA CA' FOSCARI VENEZIA;UNIVE;HES;false;44101,38;IT;DORSODURO  3246;VENEZIA;30123;www.unive.it;;https://ec.europa.eu/research/participants/api/contact/indexcontactproject.html?pic=999897341&projectId=820323&programId=31045243;;;;;;;
221493;820323;Time Machine;participant;911252436;NAVER FRANCE;NAVER;PRC;false;11680;FR;89 RUE REAUMUR;PARIS;75002;;FR61830377990;https://ec.europa.eu/research/participants/api/contact/indexcontactproject.html?pic=911252436&projectId=820323&programId=31045243;;;;;;;
221493;820323;Time Machine;participant;999848453;TECHNISCHE UNIVERSITAT DORTMUND;TUDO;HES;false;9343,75;DE;AUGUST SCHMIDT STRASSE 4;DORTMUND;44227;www.tu-dortmund.de;DE811258273;https://ec.europa.eu/research/participants/api/contact/indexcontactproject.html?pic=999848453&projectId=820323&programId=31045243;;;;;;;
221493;820323;Time Machine;participant;999959130;INDRA SISTEMAS SA;INDRA;PRC;true;;ES;AVENIDA DE BRUSELAS 35;ALCOBENDAS MADRID;28108;www.indra.es;ESA28599033;https://ec.europa.eu/research/participants/api/contact/indexcontactproject.html?pic=999959130&projectId=820323&programId=31045243;;;;;;;
221493;820323;Time Machine;participant;995654076;FIZ KARLSRUHE - LEIBNIZ-INSTITUT FUR INFORMATIONSINFRASTRUKTUR GMBH;FIZ;REC;false;14015;DE;HERMANN-VON-HELMHOLTZ-PLATZ 1;EGGENSTEIN-LEOPOLDSHAFEN;76344;;DE143582161;https://ec.europa.eu/research/participants/api/contact/indexcontactproject.html?pic=995654076&projectId=820323&programId=31045243;;;;;;;
221493;820323;Time Machine;participant;999886574;BAR ILAN UNIVERSITY;BIU;HES;false;14016,25;IL;BAR ILAN UNIVERSITY CAMPUS;RAMAT GAN;52900;www.biu.ac.il;IL580063683;https://ec.europa.eu/research/participants/api/contact/indexcontactproject.html?pic=999886574&projectId=820323&programId=31045243;;;;;;;
221493;820323;Time Machine;participant;914358764;QIDENUS GROUP GMBH;QG;PRC;false;9343,75;DE;PERLEBERGER STRASSE 42 C 10;BERLIN;10559;;DE302404693;https://ec.europa.eu/research/participants/api/contact/indexcontactproject.html?pic=914358764&projectId=820323&programId=31045243;;;;;;;
221493;820323;Time Machine;participant;943444408;ECOLE NATIONALE DES CHARTES;ENC;HES;false;9343,75;FR;65 RUE DE RICHELIEU;PARIS 2;75002;;FR42197534787;https://ec.europa.eu/research/participants/api/contact/indexcontactproject.html?pic=943444408&projectId=820323&programId=31045243;;;;;;;
221493;820323;Time Machine;participant;999878620;UNIVERSITE DU LUXEMBOURG;UNILU;HES;false;18687,5;LU;2 AVENUE DE L'UNIVERSITE;ESCH-SUR-ALZETTE;4365;http://wwwen.uni.lu;LU19805732;https://ec.europa.eu/research/participants/api/contact/indexcontactproject.html?pic=999878620&projectId=820323&programId=31045243;;;;;;;
221493;820323;Time Machine;participant;999628263;OSTERREICHISCHE NATIONALBIBLIOTHEK;ONB;REC;false;28906,25;AT;JOSEFSPLATZ 1;WIEN;1015;;ATU54091307;https://ec.europa.eu/research/participants/api/contact/indexcontactproject.html?pic=999628263&projectId=820323&programId=31045243;;;;;;;
221493;820323;Time Machine;participant;999646111;INSTITUT NATIONAL DE L'INFORMATION GEOGRAPHIQUE ET FORESTIERE;IGN;REC;false;58320,5;FR;AVENUE DE PARIS 73;SAINT MANDE;94160;;FR18180067019;https://ec.europa.eu/research/participants/api/contact/indexcontactproject.html?pic=999646111&projectId=820323&programId=31045243;;;;;;;
221493;820323;Time Machine;participant;904539842;INDRA SOLUCIONES TECNOLOGIAS DE LA INFORMACION SL;INDRA;PRC;false;32968,75;ES;AVDA BRUSELAS, NUM. 35;ALCOBENDAS - (MADRID);28108;;ESB88018098;https://ec.europa.eu/research/participants/api/contact/indexcontactproject.html?pic=904539842&projectId=820323&programId=31045243;;;;;;;
221493;820323;Time Machine;participant;999993953;ALMA MATER STUDIORUM - UNIVERSITA DI BOLOGNA;UNIBO;HES;false;22812,5;IT;VIA ZAMBONI 33;BOLOGNA;40126;www.unibo.it;IT01131710376;https://ec.europa.eu/research/participants/api/contact/indexcontactproject.html?pic=999993953&projectId=820323&programId=31045243;;;;;;;
221493;820323;Time Machine;participant;999985805;UNIVERSITEIT UTRECHT;UNIV.UTRECHT;HES;false;11680;NL;HEIDELBERGLAAN 8;UTRECHT;3584 CS;www.uu.nl;NL001798650B01;https://ec.europa.eu/research/participants/api/contact/indexcontactproject.html?pic=999985805&projectId=820323&programId=31045243;;;;;;;
221493;820323;Time Machine;participant;953557434;PICTURAE BV;Picturae;PRC;false;20781,25;NL;JAN DUIKERWEG 14;HEERHUGOWAARD;1703 DH;;NL851010209B01;https://ec.europa.eu/research/participants/api/contact/indexcontactproject.html?pic=953557434&projectId=820323&programId=31045243;;;;;;;
221493;820323;Time Machine;participant;999968345;STICHTING NEDERLANDS INSTITUUT VOORBEELD EN GELUID;NISV;OTH;false;37031,25;NL;MEDIA PARKBOULEVARD 1;HILVERSUM;1200 BB;;NL804548535B01;https://ec.europa.eu/research/participants/api/contact/indexcontactproject.html?pic=999968345&projectId=820323&programId=31045243;;;;;;;
221493;820323;Time Machine;participant;997491741;CENTRE DE VISIO PER COMPUTADOR;CVC;REC;false;14016,25;ES;DP INFORMATICA UAB BELLATERRA CERDANYOLA;BARCELONA;8193;http://www.cvc.uab.es;ESQ5856375J;https://ec.europa.eu/research/participants/api/contact/indexcontactproject.html?pic=997491741&projectId=820323&programId=31045243;;;;;;;
221493;820323;Time Machine;participant;999997930;CENTRE NATIONAL DE LA RECHERCHE SCIENTIFIQUE CNRS;CNRS;REC;false;9343,75;FR;RUE MICHEL ANGE 3;PARIS;75794;www.cnrs.fr;FR40180089013;https://ec.europa.eu/research/participants/api/contact/indexcontactproject.html?pic=999997930&projectId=820323&programId=31045243;;;;;;;
221493;820323;Time Machine;participant;999977366;TECHNISCHE UNIVERSITEIT DELFT;TU Delft;HES;false;9343,75;NL;STEVINWEG 1;DELFT;2628 CN;www.tudelft.nl;NL001569569B01;https://ec.europa.eu/research/participants/api/contact/indexcontactproject.html?pic=999977366&projectId=820323&programId=31045243;;;;;;;
221493;820323;Time Machine;participant;999985708;UNIVERSITEIT VAN AMSTERDAM;UvA;HES;false;83203,13;NL;SPUI 21;AMSTERDAM;1012WX;www.uva.nl;NL003240782B01;https://ec.europa.eu/research/participants/api/contact/indexcontactproject.html?pic=999985708&projectId=820323&programId=31045243;;;;;;;
221493;820323;Time Machine;participant;999897729;TECHNISCHE UNIVERSITAET DRESDEN;TUD;HES;false;44101,38;DE;HELMHOLTZSTRASSE 10;DRESDEN;1069;http://www.tu-dresden.de/;DE188369991;https://ec.europa.eu/research/participants/api/contact/indexcontactproject.html?pic=999897729&projectId=820323&programId=31045243;;;;;;;
220067;828774;NOVIRUSES2BRAIN;participant;999867077;UNIVERSIDAD POMPEU FABRA;UPF;HES;false;1272840,63;ES;PLACA DE LA MERCE, 10-12;BARCELONA;8002;www.upf.edu;ESQ5850017D;https://ec.europa.eu/research/participants/api/contact/indexcontactproject.html?pic=999867077&projectId=828774&programId=31045243;;;;;;;
220067;828774;NOVIRUSES2BRAIN;participant;999545231;SYNOVO GMBH;Synovo;PRC;false;548000;DE;Paul Ehrlich Str  15;TUEBINGEN;72076;www.synovo.com;DE230298154;https://ec.europa.eu/research/participants/api/contact/indexcontactproject.html?pic=999545231&projectId=828774&programId=31045243;;;;;;;
220067;828774;NOVIRUSES2BRAIN;coordinator;999813339;INSTITUTO DE MEDICINA MOLECULAR JOAO LOBO ANTUNES;IMM;REC;false;2113125;PT;AVENIDA PROF EGAS MONIZ;LISBOA;1649 028;www.imm.ul.pt;PT506134466;https://ec.europa.eu/research/participants/api/contact/indexcontactproject.html?pic=999813339&projectId=828774&programId=31045243;;;;;;;
218554;820466;CiViQ;participant;999547074;INSTITUT NATIONAL DE RECHERCHE ENINFORMATIQUE ET AUTOMATIQUE;INRIA;REC;false;312500;FR;DOMAINE DE VOLUCEAU ROCQUENCOURT;LE CHESNAY CEDEX;78153;www.inria.fr;FR45180089047;https://ec.europa.eu/research/participants/api/contact/indexcontactproject.html?pic=999547074&projectId=820466&programId=31045243;;;;;;;
218554;820466;CiViQ;participant;996613600;NEXTWORKS;NXW;PRC;false;397500;IT;VIA LIVORNESE 1027;PISA;56122;www.nextworks.it;IT01628570507;https://ec.europa.eu/research/participants/api/contact/indexcontactproject.html?pic=996613600&projectId=820466&programId=31045243;;;;;;;
218554;820466;CiViQ;participant;999584128;AIT AUSTRIAN INSTITUTE OF TECHNOLOGY GMBH;AIT;REC;false;705472,5;AT;GIEFINGGASSE 4;WIEN;1210;http://www.ait.ac.at/;ATU14703506;https://ec.europa.eu/research/participants/api/contact/indexcontactproject.html?pic=999584128&projectId=820466&programId=31045243;;;;;;;
218554;820466;CiViQ;participant;999908981;ORANGE SA;ORA;PRC;false;263750;FR;RUE OLIVIER DE SERRES 78;PARIS;75015;www.francetelecom.com;;https://ec.europa.eu/research/participants/api/contact/indexcontactproject.html?pic=999908981&projectId=820466&programId=31045243;;;;;;;
218554;820466;CiViQ;coordinator;999619436;FUNDACIO INSTITUT DE CIENCIES FOTONIQUES;ICFO;REC;false;1158320;ES;AVINGUDA CARL FRIEDRICH GAUSS 3;Castelldefels;8860;www.icfo.eu;ESG62819537;https://ec.europa.eu/research/participants/api/contact/indexcontactproject.html?pic=999619436&projectId=820466&programId=31045243;;;;;;;
218554;820466;CiViQ;participant;910514072;QUSIDE TECHNOLOGIES SL;QS;PRC;false;269376,25;ES;AVENIDA CARL FRIEDRICH GAUSS 3 OFICINA 326;CASTELLDEFELS;8860;;ESB67074849;https://ec.europa.eu/research/participants/api/contact/indexcontactproject.html?pic=910514072&projectId=820466&programId=31045243;;;;;;;
218554;820466;CiViQ;participant;999984059;FRAUNHOFER GESELLSCHAFT ZUR FOERDERUNG DER ANGEWANDTEN FORSCHUNG E.V.;Fraunhofer;REC;false;781250;DE;HANSASTRASSE 27C;MUNCHEN;80686;www.fraunhofer.de;DE129515865;https://ec.europa.eu/research/participants/api/contact/indexcontactproject.html?pic=999984059&projectId=820466&programId=31045243;;;;;;;
218554;820466;CiViQ;participant;996543275;HUAWEI TECHNOLOGIES DUESSELDORF GMBH;HUA;PRC;false;450000;DE;HANSAALLEE 205;DUSSELDORF;40549;;DE254327327;https://ec.europa.eu/research/participants/api/contact/indexcontactproject.html?pic=996543275&projectId=820466&programId=31045243;;;;;;;
218554;820466;CiViQ;participant;949158387;VLC PHOTONICS SOCIEDAD LIMITADA;VLC;PRC;false;324437,5;ES;CAMINO DE VERA SN EDIFICIO 9B UNIVERSIDAD POLITECNICA DE VALENCIA;VALENCIA;46022;;ESB98366859;https://ec.europa.eu/research/participants/api/contact/indexcontactproject.html?pic=949158387&projectId=820466&programId=31045243;;;;;;;
218554;820466;CiViQ;participant;953414165;CORIANT R&D GMBH;COR G;PRC;false;280107,5;DE;ST MARTIN STRASSE 76;MUNCHEN;81541;;DE281981556;https://ec.europa.eu/research/participants/api/contact/indexcontactproject.html?pic=953414165&projectId=820466&programId=31045243;;;;;;;
218554;820466;CiViQ;participant;955550493;TELEKOM DEUTSCHLAND GMBH;DT;PRC;false;401400;DE;LANDGRABENWEG 151;BONN;53227;;DE122265872;https://ec.europa.eu/research/participants/api/contact/indexcontactproject.html?pic=955550493&projectId=820466&programId=31045243;;;;;;;
218554;820466;CiViQ;participant;999978336;UNIVERSITY OF YORK;UoY;HES;false;341182,5;UK;HESLINGTON;YORK NORTH YORKSHIRE;YO10 5DD;http://www.york.ac.uk;GB647205541;https://ec.europa.eu/research/participants/api/contact/indexcontactproject.html?pic=999978336&projectId=820466&programId=31045243;;;;;;;
218554;820466;CiViQ;participant;999849326;INSTITUT MINES-TELECOM;IMT;HES;false;535298,75;FR;19 PLACE MARGUERITE PEREY;PALAISEAU;91120;www.institut-telecom.fr;FR55180092025;https://ec.europa.eu/research/participants/api/contact/indexcontactproject.html?pic=999849326&projectId=820466&programId=31045243;;;;;;;
218554;820466;CiViQ;participant;999910824;TELEFONICA INVESTIGACION Y DESARROLLO SA;TID;PRC;false;535957,5;ES;RONDA DE LA COMUNICACION S/N DISTRITO C EDIFICIO OESTE I;MADRID;28050;http://www.tid.es;ESA78423480;https://ec.europa.eu/research/participants/api/contact/indexcontactproject.html?pic=999910824&projectId=820466&programId=31045243;;;;;;;
218554;820466;CiViQ;participant;990560024;MELLANOX TECHNOLOGIES LTD - MLNX;MLNX;PRC;false;438575;IL;YOKNEAM ILIT INDUSTRIAL ZONE - HERMON BUILDING;YOKNEAM;20692;www.mellanox.com;IL512763285;https://ec.europa.eu/research/participants/api/contact/indexcontactproject.html?pic=990560024&projectId=820466&programId=31045243;;;;;;;
218554;820466;CiViQ;participant;999990655;DANMARKS TEKNISKE UNIVERSITET;DTU;HES;false;608260;DK;ANKER ENGELUNDSVEJ 1 BYGNING 101 A;KGS LYNGBY;2800;www.dtu.dk;DK30060946;https://ec.europa.eu/research/participants/api/contact/indexcontactproject.html?pic=999990655&projectId=820466&programId=31045243;;;;;;;
218554;820466;CiViQ;participant;999649506;UNIVERZITA PALACKEHO V OLOMOUCI;UP;HES;false;323400;CZ;KRIZKOVSKEHO  8;OLOMOUC;771 47;www.upol.cz;CZ61989592;https://ec.europa.eu/research/participants/api/contact/indexcontactproject.html?pic=999649506&projectId=820466&programId=31045243;;;;;;;
218554;820466;CiViQ;participant;996377696;NOKIA BELL LABS FRANCE;NOK-FR;PRC;false;420248,75;FR;SITE NOKIA PARIS SACLAY, ROUTE DE VILLEJUST;NOZAY;91620;http://www.ict-etics.eu/;FR19487631095;https://ec.europa.eu/research/participants/api/contact/indexcontactproject.html?pic=996377696&projectId=820466&programId=31045243;;;;;;;
218554;820466;CiViQ;participant;999990267;MAX-PLANCK-GESELLSCHAFT ZUR FORDERUNG DER WISSENSCHAFTEN EV;MPG;REC;false;521407,5;DE;HOFGARTENSTRASSE 8;MUENCHEN;80539;;DE129517720;https://ec.europa.eu/research/participants/api/contact/indexcontactproject.html?pic=999990267&projectId=820466&programId=31045243;;;;;;;
218554;820466;CiViQ;participant;999997930;CENTRE NATIONAL DE LA RECHERCHE SCIENTIFIQUE CNRS;CNRS;REC;false;423437,5;FR;RUE MICHEL ANGE 3;PARIS;75794;www.cnrs.fr;FR40180089013;https://ec.europa.eu/research/participants/api/contact/indexcontactproject.html?pic=999997930&projectId=820466&programId=31045243;;;;;;;
218554;820466;CiViQ;participant;999974844;UNIVERSIDAD POLITECNICA DE MADRID;UPM;HES;false;482125;ES;CALLE RAMIRO DE MAEZTU 7 EDIFICIO RECTORADO;MADRID;28040;www.upm.es;ESQ2818015F;https://ec.europa.eu/research/participants/api/contact/indexcontactproject.html?pic=999974844&projectId=820466&programId=31045243;;;;;;;
212877;770121;CROSS-MIGRATION;participant;999844864;UNIVERSITA DEGLI STUDI DI ROMA TOR VERGATA;UNITOV;HES;false;52555;IT;VIA CRACOVIA 50;ROMA;133;www.uniroma2.it;IT02133971008;https://ec.europa.eu/research/participants/api/contact/indexcontactproject.html?pic=999844864&projectId=770121&programId=31045243;;;;;;;
212877;770121;CROSS-MIGRATION;participant;999838074;UNIVERSITA DEGLI STUDI DI VERONA;UNIVR;HES;false;72625;IT;VIA DELL ARTIGLIERE 8;VERONA;37129;www.univr.it;IT01541040232;https://ec.europa.eu/research/participants/api/contact/indexcontactproject.html?pic=999838074&projectId=770121&programId=31045243;;;;;;;
212877;770121;CROSS-MIGRATION;participant;999572294;UNIWERSYTET WARSZAWSKI;UNIWARSAW;HES;false;25750;PL;KRAKOWSKIE PRZEDMIESCIE 26/28;WARSZAWA;00 927;www.uw.edu.pl;PL5250011266;https://ec.europa.eu/research/participants/api/contact/indexcontactproject.html?pic=999572294&projectId=770121&programId=31045243;;;;;;;
212877;770121;CROSS-MIGRATION;participant;997622788;INTERNATIONAL CENTRE FOR MIGRATION POLICY DEVELOPMENT;ICMPD;REC;false;147123;AT;GONZAGAGASSE 1 5TH FLOOR;WIEN;1010;www.icmpd.org;;https://ec.europa.eu/research/participants/api/contact/indexcontactproject.html?pic=997622788&projectId=770121&programId=31045243;;;;;;;
212877;770121;CROSS-MIGRATION;participant;999902870;UNIVERSITEIT ANTWERPEN;UANTWERP;HES;false;106000;BE;PRINSSTRAAT 13;ANTWERPEN;2000;www.ua.ac.be;BE0257216482;https://ec.europa.eu/research/participants/api/contact/indexcontactproject.html?pic=999902870&projectId=770121&programId=31045243;;;;;;;
212877;770121;CROSS-MIGRATION;participant;986958026;INSTITUTO DE GEOGRAFIA E ORDENAMENTO DO TERRITORIO DA UNIVERSIDADE DELISBOA;IGOT UL;HES;false;40645;PT;EDIFICIO IGOT RUA BRANCA EDMEE MARQUES;LISBOA;1600 276;www.igot.ul.pt;PT508955645;https://ec.europa.eu/research/participants/api/contact/indexcontactproject.html?pic=986958026&projectId=770121&programId=31045243;;;;;;;
212877;770121;CROSS-MIGRATION;participant;999865428;UNIVERSITAT FUR WEITERBILDUNG KREMS;DUK;HES;false;140062,5;AT;DR KARL DORREK STRASSE 30;KREMS;3500;http://www.donau-uni.ac.at;ATU53616207;https://ec.europa.eu/research/participants/api/contact/indexcontactproject.html?pic=999865428&projectId=770121&programId=31045243;;;;;;;
212877;770121;CROSS-MIGRATION;participant;999518362;KONINKLIJKE NEDERLANDSE AKADEMIE VAN WETENSCHAPPEN - KNAW;KNAW;OTH;false;49000;NL;KLOVENIERSBURGWAL 29 HET TRIPPENHUIS;AMSTERDAM;1011 JV;www.knaw.nl;NL002958697B01;https://ec.europa.eu/research/participants/api/contact/indexcontactproject.html?pic=999518362&projectId=770121&programId=31045243;;;;;;;
212877;770121;CROSS-MIGRATION;participant;904435858;DEUTSCHES ZENTRUM FUR INTEGRATIONS- UND MIGRATIONSFORSCHUNG E.V.;DEZIM;REC;false;140391;DE;MAUERSTRASSE 76;BERLIN;10117;;;https://ec.europa.eu/research/participants/api/contact/indexcontactproject.html?pic=904435858&projectId=770121&programId=31045243;;;;;;;
212877;770121;CROSS-MIGRATION;participant;999902385;EUROPEAN UNIVERSITY INSTITUTE;EUI;HES;false;168000;IT;VIA DEI ROCCETTINI 9;FIESOLE;50014;www.eui.eu;;https://ec.europa.eu/research/participants/api/contact/indexcontactproject.html?pic=999902385&projectId=770121&programId=31045243;;;;;;;
212877;770121;CROSS-MIGRATION;participant;969060459;INTERNATIONAL ORGANIZATION FOR MIGRATION;IOM;PUB;false;129625;CH;ROUTE DES MORILLONS  17;GENEVE 19;1211;www.iom.int;;https://ec.europa.eu/research/participants/api/contact/indexcontactproject.html?pic=969060459&projectId=770121&programId=31045243;;;;;;;
212877;770121;CROSS-MIGRATION;participant;954934446;FONDATION MIGRATION POLICY INSTITUTE EUROPE;MPI EUROPE;REC;false;176625;BE;RUE DE LA LOI 155;BRUXELLES;1040;;;https://ec.europa.eu/research/participants/api/contact/indexcontactproject.html?pic=954934446&projectId=770121&programId=31045243;;;;;;;
212877;770121;CROSS-MIGRATION;participant;999483539;INSTITUTT FOR FREDSFORSKNING;PRIO;REC;false;125125;NO;HAUSMANNS GATE 3;OSLO;186;www.prio.no;NO847353732MVA;https://ec.europa.eu/research/participants/api/contact/indexcontactproject.html?pic=999483539&projectId=770121&programId=31045243;;;;;;;
212877;770121;CROSS-MIGRATION;participant;934433205;MIGRATION POLICY GROUP;MPG;REC;false;99625;BE;RUE BELLIARD 205 BTE 1;BRUXELLES;1040;;BE0545923225;https://ec.europa.eu/research/participants/api/contact/indexcontactproject.html?pic=934433205&projectId=770121&programId=31045243;;;;;;;
212877;770121;CROSS-MIGRATION;participant;999984350;THE CHANCELLOR, MASTERS AND SCHOLARS OF THE UNIVERSITY OF OXFORD;UOXF;HES;false;5741,5;UK;WELLINGTON SQUARE UNIVERSITY OFFICES;OXFORD;OX1 2JD;www.ox.ac.uk;GB125506730;https://ec.europa.eu/research/participants/api/contact/indexcontactproject.html?pic=999984350&projectId=770121&programId=31045243;;;;;;;
212877;770121;CROSS-MIGRATION;coordinator;999839335;ERASMUS UNIVERSITEIT ROTTERDAM;EUR;HES;false;465125;NL;BURGEMEESTER OUDLAAN  50;ROTTERDAM;3062 PA;www.eur.nl;NL804735529B02;https://ec.europa.eu/research/participants/api/contact/indexcontactproject.html?pic=999839335&projectId=770121&programId=31045243;;;;;;;
212877;770121;CROSS-MIGRATION;participant;999997930;CENTRE NATIONAL DE LA RECHERCHE SCIENTIFIQUE CNRS;CNRS;REC;false;55000;FR;RUE MICHEL ANGE 3;PARIS;75794;www.cnrs.fr;FR40180089013;https://ec.europa.eu/research/participants/api/contact/indexcontactproject.html?pic=999997930&projectId=770121&programId=31045243;;;;;;;
212376;770037;CEASEVAL;participant;997622788;INTERNATIONAL CENTRE FOR MIGRATION POLICY DEVELOPMENT;ICMPD;REC;false;214512,5;AT;GONZAGAGASSE 1 5TH FLOOR;WIEN;1010;www.icmpd.org;;https://ec.europa.eu/research/participants/api/contact/indexcontactproject.html?pic=997622788&projectId=770037&programId=31045243;;;;;;;
212376;770037;CEASEVAL;participant;999994535;HELSINGIN YLIOPISTO;UHEL;HES;false;90250;FI;YLIOPISTONKATU 3;HELSINGIN YLIOPISTO;14;www.helsinki.fi;FI03134717;https://ec.europa.eu/research/participants/api/contact/indexcontactproject.html?pic=999994535&projectId=770037&programId=31045243;;;;;;;
212376;770037;CEASEVAL;participant;954530344;STICHTING VU;VUA;HES;false;119598,75;NL;DE BOELELAAN 1105;AMSTERDAM;1081 HV;www.vu.nl;NL851029279B01;https://ec.europa.eu/research/participants/api/contact/indexcontactproject.html?pic=954530344&projectId=770037&programId=31045243;;;;;;;
212376;770037;CEASEVAL;participant;999901512;KOC UNIVERSITY;KU;HES;false;89217,5;TR;RUMELI FENERI YOLU SARIYER;ISTANBUL;34450;www.ku.edu.tr;TR9240033265;https://ec.europa.eu/research/participants/api/contact/indexcontactproject.html?pic=999901512&projectId=770037&programId=31045243;;;;;;;
212376;770037;CEASEVAL;participant;998076263;TARKI TARSADALOMKUTATASI INTEZET RT;TARKI;PRC;false;69393,75;HU;BUDAORSI UTCA 45;BUDAPEST;1112;www.tarki.hu;HU12385184;https://ec.europa.eu/research/participants/api/contact/indexcontactproject.html?pic=998076263&projectId=770037&programId=31045243;;;;;;;
212376;770037;CEASEVAL;participant;997802238;Elliniko Idryma Evropaikis kai Exoterikis Politikis (HELLENIC FOUNDATION FOR EUROPEAN AND FOREIGN POLICY);ELIAMEP;REC;false;99408,75;EL;VASILISSIS SOFIAS AVENUE  49;ATHENS;106 76;www.eliamep.gr;EL090106859;https://ec.europa.eu/research/participants/api/contact/indexcontactproject.html?pic=997802238&projectId=770037&programId=31045243;;;;;;;
212376;770037;CEASEVAL;participant;999852721;THE UNIVERSITY OF SUSSEX;UOS;HES;false;244162,5;UK;SUSSEX HOUSE FALMER;BRIGHTON;BN1 9RH;http://www.sussex.ac.uk;GB692712320;https://ec.europa.eu/research/participants/api/contact/indexcontactproject.html?pic=999852721&projectId=770037&programId=31045243;;;;;;;
212376;770037;CEASEVAL;participant;999878620;UNIVERSITE DU LUXEMBOURG;UNILU;HES;false;236988,75;LU;2 AVENUE DE L'UNIVERSITE;ESCH-SUR-ALZETTE;4365;http://wwwen.uni.lu;LU19805732;https://ec.europa.eu/research/participants/api/contact/indexcontactproject.html?pic=999878620&projectId=770037&programId=31045243;;;;;;;
212376;770037;CEASEVAL;coordinator;999877844;TECHNISCHE UNIVERSITAET CHEMNITZ;TUC;HES;false;246712,5;DE;STRASSE DER NATIONEN  62;CHEMNITZ;9111;http://www.tu-chemnitz.de;DE140857609;https://ec.europa.eu/research/participants/api/contact/indexcontactproject.html?pic=999877844&projectId=770037&programId=31045243;;;;;;;
212376;770037;CEASEVAL;participant;998173069;NEW BULGARIAN UNIVERSITY;NBU;HES;false;35925;BG;ULICA MONTEVIDEO 21;SOFIA;1635;www.nbu.bg;BG2220033492;https://ec.europa.eu/research/participants/api/contact/indexcontactproject.html?pic=998173069&projectId=770037&programId=31045243;;;;;;;
212376;770037;CEASEVAL;participant;949700617;EUROPEAN COUNCIL ON REFUGEES AND EXILES AISBL;ECRE;OTH;false;133500;BE;RUE ROYALE 146;BRUXELLES;1000;;;https://ec.europa.eu/research/participants/api/contact/indexcontactproject.html?pic=949700617&projectId=770037&programId=31045243;;;;;;;
212376;770037;CEASEVAL;participant;999793939;CENTRE FOR INTERNATIONAL INFORMATION AND DOCUMENTATION IN BARCELONA;CIDOB;REC;false;127575;ES;CALLE ELISABETS 12;BARCELONA;8001;www.cidob.org;ESG08824187;https://ec.europa.eu/research/participants/api/contact/indexcontactproject.html?pic=999793939&projectId=770037&programId=31045243;;;;;;;
212376;770037;CEASEVAL;participant;999529808;FORUM INTERNAZIONALE ED EUROPEO DI RICERCHE SULL'IMMIGRAZIONE;FIERI;REC;false;193460;IT;PIAZZA ARBARELLO 8;TORINO;10122;www.fieri.it;;https://ec.europa.eu/research/participants/api/contact/indexcontactproject.html?pic=999529808&projectId=770037&programId=31045243;;;;;;;
212376;770037;CEASEVAL;participant;999985708;UNIVERSITEIT VAN AMSTERDAM;UvA;HES;false;103213,75;NL;SPUI 21;AMSTERDAM;1012WX;www.uva.nl;NL003240782B01;https://ec.europa.eu/research/participants/api/contact/indexcontactproject.html?pic=999985708&projectId=770037&programId=31045243;;;;;;;
212878;770730;ReSOMA;participant;998391513;PLATFORM FOR INTERNATIONAL COOPERATION ON UNDOCUMENTED MIGRANTS ASBL;PICUM;OTH;false;132250;BE;CONGRESSTRAAT 37 41 5;BRUSSEL;1000;http://www.picum.org/;BE0476219520;https://ec.europa.eu/research/participants/api/contact/indexcontactproject.html?pic=998391513&projectId=770730&programId=31045243;;;;;;;
212878;770730;ReSOMA;participant;999747670;CENTRE FOR EUROPEAN POLICY STUDIES;CEPS;REC;false;281069,81;BE;PLACE DU CONGRES 1;BRUXELLES;1000;www.ceps.eu;BE0424123986;https://ec.europa.eu/research/participants/api/contact/indexcontactproject.html?pic=999747670&projectId=770730&programId=31045243;;;;;;;
212878;770730;ReSOMA;participant;949717010;PLATE-FORME DES ONG EUROPEENNES DU SECTEUR SOCIAL AISBL;SOCIAL PLATFORM;OTH;false;112750;BE;SQUARE DE MEEUS 18;BRUXELLES;1050;;;https://ec.europa.eu/research/participants/api/contact/indexcontactproject.html?pic=949717010&projectId=770730&programId=31045243;;;;;;;
212878;770730;ReSOMA;coordinator;968823876;FONDAZIONE PER LE INIZIATIVE E LO STUDIO SULLA MULTIETNICITA' - ISMU;FONDAZIONE ISMU;REC;false;377006,44;IT;VIA COPERNICO 1;MILANO;20125;;IT04640070969;https://ec.europa.eu/research/participants/api/contact/indexcontactproject.html?pic=968823876&projectId=770730&programId=31045243;;;;;;;
212878;770730;ReSOMA;participant;996143926;EY ADVISORY SPA;EY;PRC;false;280000;IT;VIA MERAVIGLI 14;MILANO;20123;;IT13221390159;https://ec.europa.eu/research/participants/api/contact/indexcontactproject.html?pic=996143926&projectId=770730&programId=31045243;;;;;;;
212878;770730;ReSOMA;participant;934433205;MIGRATION POLICY GROUP;MPG;REC;false;320620;BE;RUE BELLIARD 205 BTE 1;BRUXELLES;1040;;BE0545923225;https://ec.europa.eu/research/participants/api/contact/indexcontactproject.html?pic=934433205&projectId=770730&programId=31045243;;;;;;;
212878;770730;ReSOMA;participant;999450559;EUROCITIES ASBL;EUROCITIES;OTH;false;110350;BE;SQUARE DE MEEUS 1;BRUXELLES;1000;www.eurocities.org;BE0447820987;https://ec.europa.eu/research/participants/api/contact/indexcontactproject.html?pic=999450559&projectId=770730&programId=31045243;;;;;;;
212878;770730;ReSOMA;participant;999839335;ERASMUS UNIVERSITEIT ROTTERDAM;EUR;HES;false;290500;NL;BURGEMEESTER OUDLAAN  50;ROTTERDAM;3062 PA;www.eur.nl;NL804735529B02;https://ec.europa.eu/research/participants/api/contact/indexcontactproject.html?pic=999839335&projectId=770730&programId=31045243;;;;;;;
212878;770730;ReSOMA;participant;949700617;EUROPEAN COUNCIL ON REFUGEES AND EXILES AISBL;ECRE;OTH;false;95075;BE;RUE ROYALE 146;BRUXELLES;1000;;;https://ec.europa.eu/research/participants/api/contact/indexcontactproject.html?pic=949700617&projectId=770730&programId=31045243;;;;;;;
212382;770356;Co-VAL;coordinator;999751744;ATHENS TECHNOLOGY CENTER ANONYMI BIOMICHANIKI EMPORIKI KAI TECHNIKI ETAIREIA EFARMOGON YPSILIS TECHNOLOGIAS;ATC;PRC;false;435000;EL;RIZAREIOU 10;ATHINA;152 33;www.atc.gr;EL094360380;https://ec.europa.eu/research/participants/api/contact/indexcontactproject.html?pic=999751744&projectId=770356&programId=31045243;;;;;;;
212382;770356;Co-VAL;participant;999857086;BUDAPESTI CORVINUS EGYETEM;BCE;HES;false;177500;HU;FOVAM TER 8;BUDAPEST;1093;www.uni-corvinus.hu;HU15329743;https://ec.europa.eu/research/participants/api/contact/indexcontactproject.html?pic=999857086&projectId=770356&programId=31045243;;;;;;;
212382;770356;Co-VAL;participant;999838850;UNIVERSITA COMMERCIALE LUIGI BOCCONI;CERGAS;HES;false;165750;IT;VIA SARFATTI 25;MILANO;20136;www.unibocconi.it;IT03628350153;https://ec.europa.eu/research/participants/api/contact/indexcontactproject.html?pic=999838850&projectId=770356&programId=31045243;;;;;;;
212382;770356;Co-VAL;participant;997420543;The Lisbon Council for Economic Competitiveness and Social Renewal asbl;LC;OTH;false;876000;BE;rue de la Loi  155;Brussels;1040;;;https://ec.europa.eu/research/participants/api/contact/indexcontactproject.html?pic=997420543&projectId=770356&programId=31045243;;;;;;;
212382;770356;Co-VAL;participant;999975911;UNIVERSITEIT MAASTRICHT;UM;HES;false;305312,5;NL;Minderbroedersberg 4-6;MAASTRICHT;6200 MD;http://www.maastrichtuniversity.nl;NL003475268B01;https://ec.europa.eu/research/participants/api/contact/indexcontactproject.html?pic=999975911&projectId=770356&programId=31045243;;;;;;;
212382;770356;Co-VAL;participant;915857802;HOGSKOLEN I INNLANDET;INN;HES;false;448125;NO;HAMARVEGEN 112;ELVERUM;2418;;;https://ec.europa.eu/research/participants/api/contact/indexcontactproject.html?pic=915857802&projectId=770356&programId=31045243;;;;;;;
212382;770356;Co-VAL;participant;999901803;ROSKILDE UNIVERSITET;RUC;HES;false;325571,25;DK;Universitetsvej  1;ROSKILDE;4000;www.ruc.dk;DK29057559;https://ec.europa.eu/research/participants/api/contact/indexcontactproject.html?pic=999901803&projectId=770356&programId=31045243;;;;;;;
212382;770356;Co-VAL;participant;910186018;UNIVERSITE DE LILLE;UoL;HES;false;429375;FR;42 RUE PAUL DUEZ;LILLE;59800;;;https://ec.europa.eu/research/participants/api/contact/indexcontactproject.html?pic=910186018&projectId=770356&programId=31045243;;;;;;;
212382;770356;Co-VAL;participant;999835746;UNIVERSIDAD DE ALCALA;UAH;HES;false;467500;ES;PLAZA DE SAN DIEGO;ALCALA DE HENARES/MADRID;28801;www.uah.es;ESQ2818018J;https://ec.europa.eu/research/participants/api/contact/indexcontactproject.html?pic=999835746&projectId=770356&programId=31045243;;;;;;;
212382;770356;Co-VAL;participant;999866204;UNIVERSITAT KONSTANZ;UKON;HES;false;404500;DE;UNIVERSITATSSTRASSE  10;KONSTANZ;78464;www.uni-konstanz.de/;DE142316505;https://ec.europa.eu/research/participants/api/contact/indexcontactproject.html?pic=999866204&projectId=770356&programId=31045243;;;;;;;
212382;770356;Co-VAL;participant;999899378;UNIVERSITE DES SCIENCES ET TECHNOLOGIES DE LILLE - LILLE I;USTL;HES;true;;FR;CITE SCIENTIFIQUE BATIMENT A3;VILLENEUVE D'ASCQ;59655;www.univ-lille1.fr;;https://ec.europa.eu/research/participants/api/contact/indexcontactproject.html?pic=999899378&projectId=770356&programId=31045243;;;;;;;
212382;770356;Co-VAL;participant;999974941;THE UNIVERSITY OF EDINBURGH;UEDIN;HES;false;313125;UK;OLD COLLEGE, SOUTH BRIDGE;EDINBURGH;EH8 9YL;www.ed.ac.uk;GB592950700;https://ec.europa.eu/research/participants/api/contact/indexcontactproject.html?pic=999974941&projectId=770356&programId=31045243;;;;;;;
212382;770356;Co-VAL;participant;942727093;PRICEWATERHOUSECOOPERS ADVISORY SPA;PwC;PRC;false;113750;IT;VIALE MONTE ROSA 91;MILANO;20149;;IT03230150967;https://ec.europa.eu/research/participants/api/contact/indexcontactproject.html?pic=942727093&projectId=770356&programId=31045243;;;;;;;
211154;768626;Hi-OMICS;coordinator;999655520;BARCELONA SUPERCOMPUTING CENTER - CENTRO NACIONAL DE SUPERCOMPUTACION;BSC;REC;false;149375;ES;Calle Jordi Girona 31;BARCELONA;8034;www.bsc.es;ESS0800099D;https://ec.europa.eu/research/participants/api/contact/indexcontactproject.html?pic=999655520&projectId=768626&programId=31045243;;;;;;;
208636;748295;IKETIS;coordinator;999860481;UNIVERSITY OF BRIGHTON;UoB;HES;false;183454,8;UK;LEWES ROAD MITHRAS HOUSE;BRIGHTON;BN2 4AT;www.brighton.ac.uk;GB620658352;https://ec.europa.eu/research/participants/api/contact/indexcontactproject.html?pic=999860481&projectId=748295&programId=31045243;;;;;;;
205675;726765;PLUGGY;participant;999839238;TECHNICKA UNIVERZITA V KOSICIACH;TUKE;HES;false;249500;SK;LETNA 9;KOSICE;042 00;www.tuke.sk;SK2020486710;https://ec.europa.eu/research/participants/api/contact/indexcontactproject.html?pic=999839238&projectId=726765&programId=31045243;;;;;;;
205675;726765;PLUGGY;participant;999993468;IMPERIAL COLLEGE OF SCIENCE TECHNOLOGY AND MEDICINE;ICL;HES;false;330500;UK;SOUTH KENSINGTON CAMPUS EXHIBITION ROAD;LONDON;SW7 2AZ;http://www.imperial.ac.uk/;GB649926678;https://ec.europa.eu/research/participants/api/contact/indexcontactproject.html?pic=999993468&projectId=726765&programId=31045243;;;;;;;
205675;726765;PLUGGY;participant;932634243;XTEAM SOFTWARE SOLUTIONS SOCIETA A RESPONSABILITA LIMITATA SEMPLIFICATA;XTS;PRC;false;178750;IT;VIA ROMA 833;GIACCIANO CON BARUCHELLA (RO);45020;;IT01495570291;https://ec.europa.eu/research/participants/api/contact/indexcontactproject.html?pic=932634243&projectId=726765&programId=31045243;;;;;;;
205675;726765;PLUGGY;participant;927669880;CLIO MUSE ETAIRIA ANAPTIXIS EFARMOGON GIA TON POLITISMO IKE;CLIO MUSE;PRC;false;205625;EL;FANEROMENIS 12;PREBEZA;48100;;EL800608552;https://ec.europa.eu/research/participants/api/contact/indexcontactproject.html?pic=927669880&projectId=726765&programId=31045243;;;;;;;
205675;726765;PLUGGY;participant;927650674;VYCHODOSLOVENSKE MUZEUM Y KOSICIACH;ESM;PUB;false;103187,5;SK;NAMESTIE MARATONU MIERU 2;KOSICE;040 01;;SK2021448539;https://ec.europa.eu/research/participants/api/contact/indexcontactproject.html?pic=927650674&projectId=726765&programId=31045243;;;;;;;
205675;726765;PLUGGY;participant;999898311;UNIVERSIDAD DE MALAGA;UMA;HES;false;351875;ES;AVDA CERVANTES, NUM. 2;MALAGA;29016;www.uma.es;ESQ2918001E;https://ec.europa.eu/research/participants/api/contact/indexcontactproject.html?pic=999898311&projectId=726765&programId=31045243;;;;;;;
205675;726765;PLUGGY;participant;936146807;PIRAEUS BANK GROUP CULTURAL FOUNDATION;PIOP;OTH;false;246250;EL;ANG GERONTAS ODOS 6;ATHINA;10558;;EL090127799;https://ec.europa.eu/research/participants/api/contact/indexcontactproject.html?pic=936146807&projectId=726765&programId=31045243;;;;;;;
205675;726765;PLUGGY;participant;962922493;VIANET SRL;VIA;PRC;false;246250;IT;VIA MONTIGLIONI 118-16S;GROTTAFERRATA;46;;IT04456611005;https://ec.europa.eu/research/participants/api/contact/indexcontactproject.html?pic=962922493&projectId=726765&programId=31045243;;;;;;;
205675;726765;PLUGGY;coordinator;999654356;INSTITUTE OF COMMUNICATION AND COMPUTER SYSTEMS;ICCS;REC;false;462500;EL;Patission Str. 42;ATHINA;10682;www.iccs.gr;EL090162593;https://ec.europa.eu/research/participants/api/contact/indexcontactproject.html?pic=999654356&projectId=726765&programId=31045243;;;;;;;
209743;727583;GEOCOND;participant;929570013;CARMEL OLEFINS LIMITED;CARMEL;PRC;false;345562,5;IL;HAIFA;HAIFA;31014;;IL511316903;https://ec.europa.eu/research/participants/api/contact/indexcontactproject.html?pic=929570013&projectId=727583&programId=31045243;;;;;;;
209743;727583;GEOCOND;participant;950867915;CIMSA CIMENTO SANAYI VE TICARET ANONIM SIRKETI;CIMSA CEMENT;PRC;false;302875;TR;KISIKLI CAD 4 SARKUYSAN-AK IS MERKEZI S BLOK ALTUNIZADE;USKUDAR ISTANBUL;34662;;TR2570035245;https://ec.europa.eu/research/participants/api/contact/indexcontactproject.html?pic=950867915&projectId=727583&programId=31045243;;;;;;;
209743;727583;GEOCOND;participant;998174427;EXTRULINE SYSTEMS S.L.;CAUDAL;PRC;false;356160;ES;Autovia del mediterraneo KM 567 Salida 565;PUERTO LUMBRERA;30890;;;https://ec.europa.eu/research/participants/api/contact/indexcontactproject.html?pic=998174427&projectId=727583&programId=31045243;;;;;;;
209743;727583;GEOCOND;participant;915164446;SILMA SRL;SILMA;PRC;false;254250;IT;ALDO MORO 45;POGGIO A CAIANO;59016;;IT01868610971;https://ec.europa.eu/research/participants/api/contact/indexcontactproject.html?pic=915164446&projectId=727583&programId=31045243;;;;;;;
209743;727583;GEOCOND;participant;999513415;AIMPLAS - ASOCIACION DE INVESTIGACION DE MATERIALES PLASTICOS Y CONEXAS;AIMPLAS;REC;false;502580;ES;CALLE GUSTAVE EIFFEL 4 PARQUE TECNOLOGICO DE PATERNA;PATERNA VALENCIA;46980;www.aimplas.es;ESG46714853;https://ec.europa.eu/research/participants/api/contact/indexcontactproject.html?pic=999513415&projectId=727583&programId=31045243;;;;;;;
209743;727583;GEOCOND;participant;997242063;RISE CBI BETONGINSTITUTET AB;CBI;REC;true;30730,2;SE;DROTTNING KRISTINAS VAG 26;STOCKHOLM;10044;www.cbi.se;SE556352569901;https://ec.europa.eu/research/participants/api/contact/indexcontactproject.html?pic=997242063&projectId=727583&programId=31045243;;;;;;;
209743;727583;GEOCOND;participant;999613422;RISE RESEARCH INSTITUTES OF SWEDEN AB;RISE;REC;false;509543,64;SE;BRINELLGATAN 4;BORAS;501 15;www.ri.se;SE556464687401;https://ec.europa.eu/research/participants/api/contact/indexcontactproject.html?pic=999613422&projectId=727583&programId=31045243;;;;;;;
209743;727583;GEOCOND;participant;999856892;SABANCI UNIVERSITESI;SU;HES;false;300000;TR;ORHANLI TUZLA;ISTANBUL;34956;http://www.sabanciuniv.edu/eng/;TR7360078450;https://ec.europa.eu/research/participants/api/contact/indexcontactproject.html?pic=999856892&projectId=727583&programId=31045243;;;;;;;
209743;727583;GEOCOND;participant;958260479;EXERGY LTD;EXERGY;PRC;false;425687,5;UK;PUMA WAY THE TECHNOCENTRE COVENTRY;COVENTRY;CV1 2TT;www.exergy.uk.com;GB157331024;https://ec.europa.eu/research/participants/api/contact/indexcontactproject.html?pic=958260479&projectId=727583&programId=31045243;;;;;;;
209743;727583;GEOCOND;coordinator;999864846;UNIVERSITAT POLITECNICA DE VALENCIA;UPV;HES;false;580000;ES;CAMINO DE VERA SN EDIFICIO 3A;VALENCIA;46022;www.upv.es;ESQ4618002B;https://ec.europa.eu/research/participants/api/contact/indexcontactproject.html?pic=999864846&projectId=727583&programId=31045243;;;;;;;
209743;727583;GEOCOND;participant;983886424;UBEG DR ERICH MANDS U MARC SAUER GBR;UBeG;PRC;false;348351,16;DE;REINBERGSTRASSE 2;WETZLAR;35580;;DE200814995;https://ec.europa.eu/research/participants/api/contact/indexcontactproject.html?pic=983886424&projectId=727583&programId=31045243;;;;;;;
209041;751866;MigSol;coordinator;999480338;KOZEP-EUROPAI EGYETEM;CEU;HES;false;134239,2;HU;NADOR UTCA 9;BUDAPEST;1051;www.ceu.hu;HU18118463;https://ec.europa.eu/research/participants/api/contact/indexcontactproject.html?pic=999480338&projectId=751866&programId=31045243;;;;;;;
206851;731117;GEOTHERMICA;coordinator;969550406;ORKUSTOFNUN;Orkustofnun;OTH;false;59812,5;IS;GRENSASVEGUR 9;REYKJAVIK;108;www.os.is;IS02135;https://ec.europa.eu/research/participants/api/contact/indexcontactproject.html?pic=969550406&projectId=731117&programId=31045243;;;;;;;
206851;731117;GEOTHERMICA;participant;999510020;CENTRO PARA EL DESARROLLO TECNOLOGICO INDUSTRIAL.;CDTI;PUB;false;59812,5;ES;CALLE CID 4;MADRID;28001;www.cdti.es;ESQ2820010C;https://ec.europa.eu/research/participants/api/contact/indexcontactproject.html?pic=999510020&projectId=731117&programId=31045243;;;;;;;
206851;731117;GEOTHERMICA;participant;999547268;RANNSOKNAMIDSTOD ISLANDS;RANNIS;PUB;false;589543,68;IS;BORGARTUNI 30;REYKJAVIK;105;http://www.rannis.is;;https://ec.europa.eu/research/participants/api/contact/indexcontactproject.html?pic=999547268&projectId=731117&programId=31045243;;;;;;;
206851;731117;GEOTHERMICA;participant;999980470;FORSCHUNGSZENTRUM JULICH GMBH;FZJ;REC;false;1463494;DE;WILHELM JOHNEN STRASSE;JULICH;52428;www.fz-juelich.de;DE122624631;https://ec.europa.eu/research/participants/api/contact/indexcontactproject.html?pic=999980470&projectId=731117&programId=31045243;;;;;;;
206851;731117;GEOTHERMICA;participant;972130024;Unitatea Executiva pentru Finantarea Invatamantului Superior, a Cercetarii, Dezvoltarii si Inovarii;UEFISCDI;REC;false;59812,5;RO;Mendeleev Street   21-25;Bucharest;10362;www.uefiscsu.ro, www.cncsis.ro;;https://ec.europa.eu/research/participants/api/contact/indexcontactproject.html?pic=972130024&projectId=731117&programId=31045243;;;;;;;
206851;731117;GEOTHERMICA;participant;952727405;FUNDO REGIONAL PARA A CIENCIA E TECNOLOGIA;FRCT;PUB;false;92811,18;PT;RUA DO MERCADO 21;PONTA DELGADA;9500 326;;PT512069794;https://ec.europa.eu/research/participants/api/contact/indexcontactproject.html?pic=952727405&projectId=731117&programId=31045243;;;;;;;
206851;731117;GEOTHERMICA;participant;999587135;TURKIYE BILIMSEL VE TEKNOLOJIK ARASTIRMA KURUMU;TUBITAK;REC;false;59812,5;TR;Ataturk Bulvari 221;ANKARA;6100;www.tubitak.gov.tr;TR1750003600;https://ec.europa.eu/research/participants/api/contact/indexcontactproject.html?pic=999587135&projectId=731117&programId=31045243;;;;;;;
206851;731117;GEOTHERMICA;participant;999641358;MINISTERO DELL'ISTRUZIONE, DELL'UNIVERSITA' E DELLA RICERCA;MIUR;PUB;false;59812,5;IT;Via Michele Carcani 61;ROMA;153;www.istruzione.it;IT97429780584;https://ec.europa.eu/research/participants/api/contact/indexcontactproject.html?pic=999641358&projectId=731117&programId=31045243;;;;;;;
206851;731117;GEOTHERMICA;participant;911508128;AGENCIA ESTATAL DE INVESTIGACION;AEI;PUB;false;187195,8;ES;TORRELAGUNA 58 BIS;MADRID;28071;;ESQ2802338J;https://ec.europa.eu/research/participants/api/contact/indexcontactproject.html?pic=911508128&projectId=731117&programId=31045243;;;;;;;
206851;731117;GEOTHERMICA;participant;972778178;MINISTERIE VAN ECONOMISCHE ZAKEN;RVO;PUB;false;3050747,37;NL;BEZUIDENHOUTSEWEG  73;The Hague;2595 AC;;;https://ec.europa.eu/research/participants/api/contact/indexcontactproject.html?pic=972778178&projectId=731117&programId=31045243;;;;;;;
206851;731117;GEOTHERMICA;participant;954020706;MINISTERIO DE ECONOMIA, INDUSTRIA Y COMPETITIVIDAD;MINECO;PUB;true;;ES;PASEO DE LA CASTELLANA 162;MADRID;28046;www.mineco.gob.es;;https://ec.europa.eu/research/participants/api/contact/indexcontactproject.html?pic=954020706&projectId=731117&programId=31045243;;;;;;;
206851;731117;GEOTHERMICA;participant;999963301;AGENCE DE L'ENVIRONNEMENT ET DE LA MAITRISE DE L'ENERGIE;ADEME;PUB;false;187770;FR;AVENUE DU GRESILLE 20;ANGERS CEDEX 01;49004;www.ademe.fr;;https://ec.europa.eu/research/participants/api/contact/indexcontactproject.html?pic=999963301&projectId=731117&programId=31045243;;;;;;;
206851;731117;GEOTHERMICA;participant;996384874;MINISTERE DE LA TRANSITION ECOLOGIQUE ET SOLIDAIRE;MEEM;PUB;false;59812,5;FR;Grande Arche - Tour Sequoia;paris-la défense;92055;www.developpement-durable.gouv.fr/;;https://ec.europa.eu/research/participants/api/contact/indexcontactproject.html?pic=996384874&projectId=731117&programId=31045243;;;;;;;
206851;731117;GEOTHERMICA;participant;999575107;VLAAMSE GEWEST;VLAIO;PUB;false;188077,56;BE;AVENUE DU PORT 88;BRUSSEL;1000;;BE0316380841;https://ec.europa.eu/research/participants/api/contact/indexcontactproject.html?pic=999575107&projectId=731117&programId=31045243;;;;;;;
206851;731117;GEOTHERMICA;participant;994605603;ENERGISTYRELSEN;EUDP;PUB;false;536439,09;DK;AMALIEGADE 44;KOBENHAVN K;1256;www.ens.dk;DK59778714;https://ec.europa.eu/research/participants/api/contact/indexcontactproject.html?pic=994605603&projectId=731117&programId=31045243;;;;;;;
206851;731117;GEOTHERMICA;participant;952242696;MINISTRSTVO ZA INFRASTRUKTURO;MzI;PUB;false;81246,99;SI;LANGUSOVA ULICA 4;LJUBLJANA;1000;www.mzip.gov.si;SI25967061;https://ec.europa.eu/research/participants/api/contact/indexcontactproject.html?pic=952242696&projectId=731117&programId=31045243;;;;;;;
206851;731117;GEOTHERMICA;participant;999439210;FEDERAL DEPARTMENT FOR ENVIRONMENT, TRANSPORT, ENERGY AND COMMUNICATIONS;DETEC;PUB;false;;CH;Bundeshaus Nord;BERN;3003;www.uvek.admin.ch;;https://ec.europa.eu/research/participants/api/contact/indexcontactproject.html?pic=999439210&projectId=731117&programId=31045243;;;;;;;
206851;731117;GEOTHERMICA;participant;996559280;COMMUNICATIONS, CLIMATE ACTION AND ENVIRONMENT;GSI;PUB;false;224650,14;IE;Adelaide Road  29-31;Dublin;D02 X285;http://www.dcenr.gov.ie;IE4002073W;https://ec.europa.eu/research/participants/api/contact/indexcontactproject.html?pic=996559280&projectId=731117&programId=31045243;;;;;;;
206851;731117;GEOTHERMICA;participant;951676022;DIRECAO-GERAL DE ENERGIA E GEOLOGIA;DGEG;PUB;false;59812,5;PT;Av 5 de Outubro 208;LISBOA;1069-203 LISBOA;;PO600076610;https://ec.europa.eu/research/participants/api/contact/indexcontactproject.html?pic=951676022&projectId=731117&programId=31045243;;;;;;;
205811;727069;ISOTIS;participant;999572294;UNIWERSYTET WARSZAWSKI;UNIWARSAW;HES;false;118426,25;PL;KRAKOWSKIE PRZEDMIESCIE 26/28;WARSZAWA;00 927;www.uw.edu.pl;PL5250011266;https://ec.europa.eu/research/participants/api/contact/indexcontactproject.html?pic=999572294&projectId=727069&programId=31045243;;;;;;;
205811;727069;ISOTIS;participant;999880657;Masarykova univerzita;MU;HES;false;185500;CZ;Zerotinovo namesti 9;BRNO STRED;60177;http://www.muni.cz;CZ00216224;https://ec.europa.eu/research/participants/api/contact/indexcontactproject.html?pic=999880657&projectId=727069&programId=31045243;;;;;;;
205811;727069;ISOTIS;participant;921767430;UNIVERSITETET I SOROST-NORGE;USN;HES;false;312645;NO;KJOLNES RING 56;PORSGRUNN;3918;www.usn.no;NO911770709MVA;https://ec.europa.eu/research/participants/api/contact/indexcontactproject.html?pic=921767430&projectId=727069&programId=31045243;;;;;;;
205811;727069;ISOTIS;participant;999845446;THE PROVOST, FELLOWS, FOUNDATION SCHOLARS & THE OTHER MEMBERS OF BOARD OF THE COLLEGE OF THE HOLY & UNDIVIDED TRINITY OF QUEEN ELIZABETH NEAR DUBLIN;TCD;HES;false;221800;IE;College Green;DUBLIN;2;www.tcd.ie;IE2200007U;https://ec.europa.eu/research/participants/api/contact/indexcontactproject.html?pic=999845446&projectId=727069&programId=31045243;;;;;;;